id,title,done,due_date
1,Todo 1,1,1589887570
2,Todo 2,0,1589887570
3,Todo 3,0,1589887570
4,Todo 4,0,1589887570
5,Todo 5,1,1589887570
6,Todo 6,0,1589887570
7,Todo 7,0,1589887570
8,Todo 8,0,1589887570
9,Todo 9,0,1589887570
10,Todo 10,1,1589887570
11,Todo 11,1,1589887570
12,Todo 12,1,1589887570
13,Todo 13,1,1589887570
14,Todo 14,0,1589887570
15,Todo 15,0,1589887570
16,Todo 16,0,1589887570
17,Todo 17,1,1589887570
18,Todo 18,1,1589887570
19,Todo 19,1,1589887570
20,Todo 20,0,1589887570
21,Todo 21,0,1589887570
22,Todo 22,0,1589887570
23,Todo 23,1,1589887570